mean radius,mean texture,mean perimeter,mean area,mean smoothness,mean compactness,mean concavity,mean concave points,mean symmetry,mean fractal dimension,radius error,texture error,perimeter error,area error,smoothness error,compactness error,concavity error,concave points error,symmetry error,fractal dimension error,worst radius,worst texture,worst perimeter,worst area,worst smoothness,worst compactness,worst concavity,worst concave points,worst symmetry,worst fractal dimension
-0.9473636250281873,0.6304533543484372,-0.9856000405919894,-0.8725653093472092,-1.6565174829301414,-1.1670783600501886,-1.102445534311363,-1.3345040732866658,-0.6478150127230559,-0.4749022783990606,-0.33531733626685084,0.10259171993070682,-0.36802562273292,-0.5158614248369623,0.8451195262106358,-0.7388207259799462,-0.7714887287574206,-1.7420527729444646,0.8904036120745975,-0.5141445390352878,-0.9337343737385275,-0.059318385586869644,-0.9668885220914513,-0.8133554331661307,-1.4625860248372267,-1.1284327117065638,-1.287772394612947,-1.7774521120569735,-0.7209306326187938,-1.031026911425253
0.3095840647329546,-0.053040100979908154,0.3226988601196029,0.1820240459953954,-1.1221448137395278,0.301770113510828,0.07819352951091685,-0.31192682578096853,-0.3158688091422819,0.2690307552231053,0.12437893801501491,1.2602526461281824,0.2747488200702827,0.06997213529823805,-0.4871256600582205,1.2224823195896162,0.46127044915918536,0.41316009319195385,1.2907230166832575,1.6447316953447022,0.07062695092872578,0.056570171239279224,0.07456042752558001,-0.054031603557317634,-1.4816120290888783,0.1056712767399828,0.0005190784003064657,-0.41200327137224546,-0.09349437264705764,0.5887035615477267
1.9506844714137608,-1.17033752057569,1.9847246712520243,2.12932809879367,0.3078878455371943,0.6194976484340091,1.4806100970346197,1.6597353123069396,-0.05591093886818157,-0.5636282365374836,1.5821858551321526,-0.8975890505212281,1.4796728836987778,1.7878135075283754,1.5170436621197896,-0.033417006701415515,0.5507692768978038,0.9184424809305507,-0.5289106406288341,0.35877922688278374,1.4469739513986652,-1.4003145431465933,1.4970119002005682,1.40824954088059,0.31158887162930243,-0.2197474773515655,0.7734939622082586,0.8624697988444935,-0.8706235474343854,-0.36117645687511757
1.2622828026937227,-0.7138345116663528,1.3200927714701383,1.1965454167125211,0.7765031989999676,2.2337903413977496,1.094456325883907,1.7659547344229158,1.3158667458089925,0.514733408529508,2.553767195478121,-1.3392223426970584,1.9650899153313006,3.0481675846635934,0.268832943921204,1.7225548162336444,0.31133085463604554,1.1795520947060827,0.4207106742809137,0.9450622826898989,1.4141516858866638,-1.0294711613029168,1.4307780178808904,1.4751250668904252,0.8062649821722485,2.2564750590902793,0.6632162121183239,1.6373884151521856,1.338143185004187,1.7371948565498931
2.940261870198817,1.3341237382473607,2.8768480266639522,3.571775545310911,0.8067364476104688,0.530691815691505,1.908510221823247,2.713317147889732,-0.10390316107263108,-1.0782387937403397,2.6772806693627467,-0.6235774065022552,2.0490509368393313,3.9631421748534317,-0.31061811624535024,-0.2881316879442159,0.061199065943179504,0.09418294339049313,-0.8439347175509899,-0.24504091878344023,3.2259407421491604,0.9273898982471991,3.0803170870804895,3.951430258568889,0.9822555215000279,0.21414419477049884,1.1955382487674002,1.616269039864974,-0.5059461272985292,-0.3241681444690325
-0.4648678125770887,-0.49945464560395636,-0.5355238077866722,-0.49817006100673433,-1.5612827498070618,-1.3196270460723123,-0.9273717637423576,-0.8467559701108713,-1.4036925124431316,-1.0031629830078272,-0.06784977838288911,1.8170779841834974,-0.1611812518654534,-0.18828178486797237,0.06384509921422532,-0.7518163729821299,-0.5399773455239398,-0.1612810571142167,1.378292886441402,-0.2925120068503392,-0.6624036455059797,-0.81424955576864,-0.7246617524652003,-0.615403876177019,-2.2241018450095895,-1.3105566683488827,-1.172496073607721,-1.3173746442617147,-1.6079407767920346,-1.4381183478921868
-0.5294054690195921,0.2672686400780247,-0.4967164418262531,-0.5757416792416614,1.0108108757313548,0.2721681692633266,-0.03595665621775656,-0.7126898346293552,1.203884893998611,0.8164016662001481,-0.9233110570133813,-0.8696521091617516,-0.995953977627087,-0.7684943406948394,-0.31765028930562395,-0.17013121316438795,0.1504654291941652,-0.3456103304065652,-1.024760812246379,-0.034898204092390826,-0.60551171861851,-0.158651434294997,-0.6183721413140983,-0.616550313765759,0.4447709013908648,-0.03665624628094899,0.5338717482277933,-0.46350205572644654,-0.32121870050482015,0.354934388182624
-0.7445309904946045,-0.05808433312255266,-0.7701522502600088,-0.7171015290003511,-0.07456274938564945,-0.9211848765009442,-0.7063770041716457,-0.6805369284753299,0.38801711652297394,-0.5308678827632969,-0.29791536882291475,-0.557370682458565,-0.33021536139155533,-0.42842358004066383,0.40525710129051457,-0.8593163649841933,-0.457894134940807,-0.5183660964937279,1.1337796137400897,-0.4663710873501283,-0.6755325517107805,-0.4400950723013593,-0.7230847552671128,-0.633937950528316,-0.28297376123481577,-1.0336398177333994,-0.8200710582502154,-0.7513753865644404,0.629490556355907,-0.7571653996202252
-1.9212675929629204,1.629211318592071,-1.8853064445249188,-1.4819192195314923,-0.7215542696503827,0.3649209279054977,0.10454591524485071,-0.9429276090537149,0.8559412830163536,1.986219298886745,-0.7558720167120395,0.43745231841758003,-0.7405679035963681,-0.7950379721508585,2.916446101114259,2.0438072101276252,1.379272710821014,0.18310135240594438,-0.1320030491276341,1.095337000965369,-1.586241012117122,1.1194337924162459,-1.5847560243021612,-1.17391005482487,1.3675321075959765,0.48083557285826467,0.46069679256064056,-0.9651684471642143,-0.19222799731266046,1.4781366697072995
0.25119285176116574,-1.0694528777227976,0.19021854184093168,0.11535091957859867,-0.5650972080910373,-0.46590697397437364,-0.501298041925389,-0.3216875294348691,-1.2077242717749632,-0.5240428090603411,-0.2200670877477455,-1.6308380867507697,-0.13337958911444991,-0.2538601684651963,-0.8591276149467002,-0.5298507221848324,-0.3402671041986229,-0.23608543295261222,-0.06604132905007072,-0.34633273090070876,0.29381835641033754,-1.1917151408595255,0.2984940296540153,0.0818212507083757,-0.42091229205929126,-0.24807479989456646,-0.17932641123234364,0.2548816175047095,0.3157724263700391,-0.04722260663016459
-1.2909498150411347,-0.8348960830898232,-1.2982892766638703,-1.098869286511914,-0.44265255121850533,-1.0759043717678844,-0.9585510716156753,-0.930583189726723,1.031912764432668,0.021963087176110122,-0.5436375967976113,0.30350807902283067,-0.5709777608152463,-0.6495164161684474,2.329259650581404,-0.7580542835431779,-0.5774506209303433,-0.4051715504137407,-0.48114525712439166,0.10056069688831444,-1.1328561178446714,-0.7033276513778977,-1.155812786422342,-0.9224580770278902,0.7539434704802066,-0.988730647848154,-1.0794298975972436,-0.9393378266206247,-0.11101162863611608,-0.054624269111381255
-0.9319975163514005,-1.6722386187688292,-0.9574981548965138,-0.8623079052830867,-0.8349289519397625,-1.0695892903284177,-0.9412002433849169,-0.941492211457553,-1.4956776050016591,-0.36160605492999626,-0.9485356397081289,-0.4274447702456583,-0.839541822989941,-0.8150237652471554,-1.3000448658258623,-0.6780010980097264,-0.5222867980150857,-0.41632163662361465,0.8187555368179337,-0.1513081971226844,-0.9971907537283977,-1.7065914433299874,-1.0192448290679585,-0.8517610923889217,-1.7945897990285504,-1.1175163288729197,-1.139155090286138,-1.2585653069234788,-1.222561145032745,-0.9995698458800811
0.6845171164465478,-0.7340114402369309,0.7000670394588482,0.4993624842291883,0.19451316324781354,0.8365785729156858,-0.23477366541832617,0.21486409201042792,0.6679717460489281,0.3768669197298044,-0.9520148924936115,-1.4569019244510166,-0.7939470960782951,-0.6957335627036337,-0.9371847359157385,-0.37078400287810404,-0.3179505133858765,-0.05401440496859269,-0.32647639625286384,-0.07027474742886963,0.2281738253863339,-0.9913934926314678,0.26380009129608845,0.04494417493723817,-0.349564776115597,0.12570767561186166,-0.19839312503293985,0.2548816175047095,0.3858414503262738,0.429567818201562
-0.49252680819530453,-1.0164884402250294,-0.5493517197955565,-0.5244546589210485,-0.7109726326367071,-1.099191234575919,-0.8273109723664804,-0.7448427407833805,-1.0077566792564256,-0.8025058161409314,-0.04392991548269763,-0.6555326750435739,-0.0972374275381453,-0.21982186459806582,0.1851500845039469,-0.8713243428142111,-0.46765764342138366,-0.2883073557077187,0.8517363968567155,-0.754825979170648,-0.6011354165502433,-1.370514628534155,-0.6505428841550847,-0.5825393319664713,-1.2390304748803178,-1.170163694184546,-1.034185101065018,-0.9987969908907746,-0.975727083368737,-1.4122125292079273
-0.8643866381735393,0.8725764971953789,-0.8526736606356125,-0.8151879553635235,-0.04281783834462363,-0.38420560785126984,-0.4731192532197964,-0.6865655983792096,0.827945820063759,0.349566624917981,-0.493188431408116,0.41449044880705155,-0.4353056465903488,-0.6039238256675202,-1.2940675187246298,0.2732802625501195,0.029351431137489416,-0.2967757756139521,0.7857746767791521,0.24025268852466666,-0.8549609365097234,0.5184688477320735,-0.8495599305537361,-0.7669247108221594,-1.0535269334267128,-0.4049114393399623,-0.48181724909585555,-0.7356170834655206,0.411321095401268,-0.14282741367921686
0.5861740209151131,1.2534160239650467,0.5840910032552978,0.4807709393629662,-0.9233612041254797,-0.02385127321168683,0.1940396608561306,0.20539046787575985,0.09606443144590762,-1.3075612701596495,0.04305140415436316,-0.32985682440091213,0.07012858222289636,-0.01902709958370875,0.9119251702832358,0.31226720355667076,0.40268939827572603,1.0694626359250476,0.864246378250736,-0.2801150985016586,0.19972786194259928,0.41913579902394554,0.22910615293816208,0.0736051146557389,-0.8442408866585431,-0.3068021758983491,-0.09120727447823723,0.040438729973021295,-0.16197091878610537,-1.2191524994895184
0.18050875184794737,-1.2611336991432929,0.1451663123926291,0.03681766971266002,1.0334858121892303,-0.17738669070872704,-0.20294207076941612,0.5300774041275687,-0.691807883077134,-0.23875472827679486,-0.3801127158799372,-1.01239839857387,-0.3524566915923582,-0.35878558222075463,-0.36652389207452607,-0.662406321607106,-0.39605858123048887,-0.13869860403092737,-0.016001403473988266,-0.11048910865751646,-0.027839845607279284,-1.3572702220397383,-0.05159934832142561,-0.16829321656840737,0.18316334293065248,-0.614948172341726,-0.5802427176340681,-0.04078963651625468,-0.4852439156750959,-0.2797581695817308
-1.1962945855921294,-0.36578249382387384,-1.168485328451435,-1.0318756162181133,0.33812109414769564,-0.5555021918968108,-0.7748671156088498,-0.8249379266492114,0.2680365610118507,0.047898367247342886,-0.571906525679656,1.463082494354517,-0.5554088296746843,-0.6351516273804839,0.22066255845832933,-0.5594807973498113,-0.37862374465803084,-0.6068610845138678,-0.13768940430673415,-0.3478445489920112,-1.0431419254452,0.28338063245617096,-1.0331224044111291,-0.8674290727683688,0.4447709013908648,-0.6674573555921669,-0.7441133930013542,-0.7216458044293651,-0.02661030432519776,-0.36981172976987076
-1.344731195409888,-0.7743652973780878,-1.3558312330879396,-1.1318853058433085,-0.8757438375639394,-1.1947068413478568,-0.8869299836556275,-0.8559425147263071,-1.087743716263841,0.14617942856990399,-0.7750079070321929,-0.8042107807717458,-0.8684555522509846,-0.7666206725920615,1.569784960071842,-0.7720895823055364,-0.49578584642494933,-0.38385936031638646,0.18415829883034193,-0.11744347187750803,-1.1853717426638744,-0.9880823910078635,-1.2299316547324581,-0.9593351527990278,0.929934009807986,-0.9787124484122147,-0.9187541850830306,-0.6041895864858722,-0.24477976527983672,-0.052773853491076876
-0.30506028233850846,-0.7466220205935425,-0.3330118061081642,-0.38149208977733967,0.3230044698424455,-0.4337395278920887,-0.2994805135570942,-0.3670460934735833,-0.37185973504747316,0.23763541618950826,-0.8002324897269405,-0.9314578081967576,-0.8595590201706634,-0.6095448299758537,0.5448457365369478,-0.27149725978142075,-0.2286841501348909,-0.1443442173017497,0.4593778894987956,0.2411597793794483,-0.47859895863877,-0.8606049784990998,-0.5023051475348529,-0.4826081888146322,0.8300474874868133,-0.20731109184488195,-0.13294791820386662,-0.06190901180346635,0.7473339148277561,0.8144542672248442
-1.1563427030324847,-0.36578249382387384,-1.1368149493343112,-1.0245031070470252,0.7462699503894662,-0.3234229489964004,-0.8717969304618834,-0.7847467939566797,0.3480235980192662,0.8355118725684241,-0.6380123286038222,-0.06388183474562434,-0.631585385612434,-0.6913616704638188,0.2544169891476431,-0.5849522654740913,-0.5731035350116104,-0.6659988835257316,0.47302514192863654,-0.05062111224193696,-1.0409537744110666,-0.3788396922646804,-1.0343840021695994,-0.8834791990107291,0.46379690564251713,-0.6412027639669464,-0.9491063321872228,-0.8717558257015471,0.22977862424193293,0.32902856949836523
0.2266070778783072,0.28996768471992546,0.1844197400307537,0.16599685214520385,0.18468735744940015,-0.5803678250647122,-0.1377133932101741,0.17524711835636106,-0.947766401500864,-0.5103926616544294,0.34487658329496396,-0.019871584658778325,0.23249029268875718,0.25640211152463177,-0.5124414830752059,-0.70867082493488,-0.30702468246713605,-0.17680649360897815,-0.9224064190225738,-0.5573825364465397,0.6876855425543585,0.9522231604242307,0.5886615141021283,0.5732608304149351,0.7396739672914681,-0.34342042211247237,0.21386014633130118,0.836476721567925,0.18837420099506724,-0.02933525563389033
-0.5201858038135203,-0.2623757348996592,-0.5502438431509689,-0.5526625200973857,-0.7321359066640573,-0.6831852447510334,-0.5956187096760528,-0.6653217139560144,0.5879847090415126,-0.09269815103354384,-0.7541323903192984,-0.5129777345448767,-0.7188826066505853,-0.6457690799628917,-0.5827632136779429,-0.500740472899941,-0.3079545404176672,-0.6236567839945641,-0.48000798608857165,-0.436739452760599,-0.5114212241507718,0.015181400944226014,-0.5720084236903238,-0.5231156502834464,-0.4351817952480298,-0.40076597750440124,-0.2865122617870464,-0.4435198775700845,0.32214233763878786,-0.08114689300240872
1.6771677369669595,-0.20184494918792423,1.6323359458643132,1.6421014057478465,0.5648704587264571,0.8444724247150193,1.0187910599151864,1.3824164967284716,0.2800346165629628,-0.5513431038721636,0.33704826452762837,-0.4884850736269796,0.07012858222289636,0.4987298528172306,-0.5349444368680817,-0.1696113872843006,-0.060379861088761796,0.37364080029619756,-0.6801676883929014,-0.5936661706377999,1.7204928306653464,0.583035329392356,1.5033198889929191,1.509518194552626,0.9965250246887666,0.9541091324181598,0.9363340043971337,1.8810735146200135,1.0817542564370564,-0.29394468933739715
-0.1421795303645704,0.46399369364116494,-0.09838336363482696,-0.2356446257405965,0.4061459035213239,0.47543485309616923,0.28431615059812165,0.22692143181818752,-0.4118532535511809,0.16801966441936114,-0.7845758521922696,-1.2609606371078406,-0.684964578094361,-0.5830011985198346,-0.6358561202830095,-0.14881835208080665,-0.06270450596508953,0.039138213999975364,-0.9599363632046358,-0.22417782912346554,-0.08691992352888271,0.1476254658883964,0.08086841631793037,-0.1864451450567912,1.4341231224767583,1.2829824380393422,1.304270049089719,1.8908209185987264,-0.1651558744204793,1.5089769300457034
-0.498673251666019,-1.6621501544835398,-0.5243722658440231,-0.5404818527712401,0.49684564935282893,-0.6235866636660641,-0.5823120594539675,-0.2723098521269017,0.5439918386874334,-0.4653471752149226,-0.6845473346096498,-1.1189797433494064,-0.6154604212168521,-0.617039502386965,0.30575185248764136,-0.6993139590933077,-0.3802509960714602,0.0094987443281582,-0.3378491066110644,-0.5080972666700777,-0.5311145834579728,-1.5708362767622128,-0.5603386444244757,-0.5519676629334038,0.3639103833213457,-0.7614211571982191,-0.6477491908199626,-0.2518209326553935,-0.13330631807673635,-0.9206187794137666
-0.9350707380867578,-1.5183895384181683,-0.9775709303932822,-0.8523710450959678,-1.5930276608480887,-1.26752762419671,-1.0621342115797516,-1.145376086016381,-1.5236730679542547,-0.7547303002202416,-0.4853601126407807,-0.9356674842920211,-0.5387278320240821,-0.5823766424855753,-0.3633594141974031,-0.9938473027507988,-0.7288314952768062,-1.2373349465329497,-0.6642458938914209,-0.3820116378554481,-0.7805638013491861,-1.1470152689408681,-0.8410441456840634,-0.7031063517156312,-0.6539808441420257,-1.0630725967658836,-1.192232698974284,-1.1352606465927582,-0.2750368438063927,-0.356858820427741
-0.8121418686724651,-0.1993228331166015,-0.7438346112753568,-0.779928128893102,-0.023166226747796875,0.6135772595845089,0.9170343229227688,-0.5151791253974856,0.923930264472657,1.8742880901582724,-0.6549736859330492,0.7493510472939243,-0.2267931759578218,-0.6495164161684474,-0.1801713059772728,1.7615417572401955,1.2927959214216216,0.11253118652066564,-0.2571028630678404,1.435193707890174,-0.7324244785982501,0.46880232337800953,-0.554346055071743,-0.6975652367033878,0.18316334293065248,1.7134195586317724,2.5441217627176744,0.20127089562178768,0.6326755119902809,2.902956697341567
1.5757514197001687,1.470318006098765,1.6814027304119694,1.5106784161762756,-0.40939597774695397,2.3206227111904196,1.6462909380350943,1.5250950177869587,1.9477643381675747,0.06427854413443577,2.555941728469047,0.7952747865149813,3.3657376847268607,2.1144563134459764,-0.22060630107384654,3.916739856082338,1.488763484496051,1.9812291791628516,3.539107854499511,1.1240615447001165,1.7861373616893501,1.3313442963269186,2.291818488036704,1.5534649687876605,-0.2924867633606413,3.5070227128178852,2.4441503444118453,2.272594241098323,2.8016302989991755,1.305431211812237
0.07909243458115595,0.39085232757281824,0.08048736912526419,-0.04588265055432865,-0.5227706600363348,0.18533579947065598,-0.44193994534647874,-0.45661490347408235,-1.2677145495305249,-0.39163637922300176,-0.1983217578384803,-0.44466617245355444,-0.015500539050194622,-0.19296595512491688,-1.0788830230802537,0.3964789961308209,-0.11570640914536225,0.16334170595806635,-0.6949522118585624,-0.35812491201286833,0.11438997161139462,0.3529137665518607,0.23226014733433703,-0.01810989244346346,-0.7395978632744585,0.7330178345215663,0.006702877470769973,0.39784354252583515,-0.5999023185125703,-0.2501515196568633
0.20509452573080592,-0.8298518509471787,0.09253103442332566,0.10317025225245285,-1.5151770456760472,-1.3075889220783283,-0.9136737414549169,-0.7956558156875098,-0.7637962163838077,-1.4208574936287128,-0.3366220560614068,-0.6484527652469945,-0.4575469767911517,-0.2588566167392705,-0.7539966276956082,-0.999721335195786,-0.6477013890929678,-0.8494813148274567,-0.826875652013689,-0.9172557149001902,0.11657812264552841,-0.5592947307511124,-0.0326753819443745,0.005392078125707061,-1.4150210142080972,-1.1464654706912547,-1.043203141376111,-0.8330911232526518,-0.606272229781319,-1.5843011818962218
0.7244689990061925,-0.8273297348758565,0.6286971710258942,0.5996927177313873,-0.14787837726611552,-0.6766728170165831,-0.3815381899266207,-0.02456022702936756,-0.4478474202045172,-0.8721215679110785,-0.8119749678779437,-1.4921101245204935,-0.9068218468473697,-0.5158614248369623,0.0768546193757319,-0.6873579638512987,-0.19730144430446628,0.2776653746922182,-0.9974663073866975,-0.4110385452084563,0.30475911158100494,-1.2198595046601612,0.15971827622230889,0.17238982021883822,0.2164588503710434,-0.6957846781351679,-0.2844509954302251,0.4270857544619744,-0.9725421277343627,-0.6375051895072177
0.3833413863815302,-1.4553366366351104,0.3142236882431897,0.2535053305672496,-1.2544152764104708,-0.6328619395302811,-0.659803728394347,-0.5717337906862622,-0.4078539017008095,-1.026368233597876,-0.93548844176257,-1.6032838432181356,-0.8000634618835157,-0.6079834398902055,-0.7606771921028682,-0.5407670656666667,-0.4109363084389865,-0.44991303558500745,-0.6528731835332204,-0.6535341670533796,0.059686195758058384,-1.5559363194559936,-0.007443426774973464,-0.03607074800039055,-0.8680233919731078,-0.43600240310667077,-0.5859112001153266,-0.44888094975837667,-0.6747487759203663,-0.9237028054476075
-0.6584807819045992,-0.433879627749576,-0.6845084081404637,-0.6436969811664738,-0.4048609904553784,-0.7713990386085874,-0.7302507001583283,-0.8642678207840458,0.09606443144590762,-0.37798623181709007,-0.21571802176589247,-0.21122049807984886,-0.3068619646807122,-0.37877137531705146,-0.6021016895936958,-0.2917704691048272,-0.2881950589688813,-0.9801772620469933,-0.8462092596226299,-0.2592520088416839,-0.5420553386286402,-0.10567380831732943,-0.5909323900673744,-0.5273192547754932,-0.30675626654938054,-0.4436024164718661,-0.5410786568544652,-0.9073338502238499,-0.2097452533017198,-0.08793175027685755
2.0428811234744804,0.5699225686367013,2.1051613242326352,2.203053190504551,0.9276694420524753,1.2431119405813706,1.7519613956810662,1.883657337308187,0.10006378329627796,-0.10088823947709123,0.8567616493590664,-0.06579532387983525,0.79463991351405,1.1835555443825265,-0.1791164800182316,0.1381255337274092,0.17278202000691165,0.3454127339420859,-1.2556268325178506,-0.06090147526279411,1.7358098879042807,0.9323565506826056,1.8439512837798337,1.7617344640754324,0.7396739672914681,0.8490907659172781,1.381052220881309,1.6552586557798261,-0.6858961206406764,0.4536232212655172
-1.3136916558827794,-0.22202187775850224,-1.3179159904829325,-1.1104088660840519,-0.9913860134991079,-0.9300654597751946,-0.9094991060911254,-1.168887898641512,-0.5718273275660107,0.15846456123522315,-0.22528596692596906,0.11789963300439245,-0.2790603019297087,-0.5061808063059436,1.3377232490828097,-0.659287366326582,-0.5318178420080295,-1.18680670775909,0.5367123199345595,-0.2870694617216502,-1.0453300764793334,-0.08415164776390134,-1.0605621556578528,-0.8746898441637223,0.3781798865100843,-0.7690211705634143,-0.9575059925912695,-1.3713102796105938,0.23296357987630775,-0.23966583114180567
0.22968029961366446,-1.2611336991432929,0.33964920387242936,0.07496239107611585,0.5195205858107047,1.6220168269493882,0.7891861149066545,0.47409689787725695,1.051909523684522,1.5152892133828062,0.6645329329611621,0.4986839707123222,1.122143500720872,0.38287470846213517,0.9847081614570691,1.4132584175816727,0.455458836968366,0.4879644690303496,0.4912214785017575,0.45825685729048926,0.11657812264552841,-1.123837557575638,0.29534003525783986,-0.054986968214600994,0.016685805728700518,0.8753453575424983,0.3710317060389183,0.022568489345380534,-0.13330631807673635,0.5825355094800457
2.2825924188323516,-0.9786566991551948,2.261282911429723,2.4146121493270796,0.2927712212319431,0.9885352200528591,1.4179905665777475,2.2683438930795607,0.5999827645926247,-0.15412381436014452,-0.2261557801223398,0.11215916560176012,-0.20566391226705918,0.05841784866444154,-0.9667198627688881,0.07782573163727684,0.02749171523642713,0.1534618827341272,-0.6210295945302585,0.1326112404239278,1.4797962169106675,-0.5443947734448932,1.4938579058043933,1.3318203682979215,-0.5540943218208536,0.32607166433064916,0.7858615603491856,1.416447258301355,-0.2877766663438894,0.2482270874117463
-1.2943303589500281,-0.9181259134434594,-1.1965872141469105,-1.0658532671805194,0.8294113840683457,1.1543061078388666,4.256742613955958,0.921079709322055,2.8996100785558188,4.095167073100041,1.874877995710862,2.704936942457264,0.7206874905963804,0.39536582914732066,1.334207162552673,3.6703423889209357,8.434104981500472,5.708745341223283,1.5068045134890682,7.834719688373715,-1.0737760399230685,-0.9334492142183937,-1.0627699517351752,-0.8741166253693522,-0.0784442155295585,0.27908976352762327,2.946068702297809,0.7747431630360753,0.31417994855285214,2.668570718769696
0.4755380384422499,0.2496138275787685,0.5261029851535226,0.3589642661015104,1.494542853499379,1.0812879786950302,1.3645030509791687,1.28165158547791,0.4240112831763102,0.6116494551114785,1.102918783931948,0.15425592655439563,1.0554195101184631,0.9281121263704826,0.03290353774902111,0.2093416792993758,0.38432470375273686,0.5712372647749783,-0.4197326211901087,0.09179215195875975,1.153761712824783,0.708857191089318,1.178458466186879,0.9955320089341794,1.7718346979435773,1.0674184225901637,1.5737806252440916,1.6682551944181105,0.43998569611063615,1.1882382225263017
-0.5416983559610216,0.38833021150149555,-0.597080319310095,-0.557791222129447,-1.2166237156473438,-1.2043768098020404,-0.7915656570640157,-0.8263733242453731,-0.3358655683941357,-0.8448212730992561,-0.8741666114184422,0.6134933187649645,-0.8862486164116269,-0.7029159570976155,-0.7367678036979374,-0.9957186759191133,-0.5229841914779841,-0.7827219378999828,-0.8803273906972316,-0.7245896173445977,-0.566125000004108,1.2767111195374485,-0.6357191104930615,-0.5544516110423408,-0.8822928951618471,-1.0238288913892382,-0.697734899972877,-0.5702361292933549,-0.3451058677626274,-0.8546206222895827
1.2315505853401492,0.2597022918640584,1.05245576484656,1.1196148862316015,-0.9226053729102175,-0.6746993540667496,-0.15102004343225953,0.2719929163376694,1.223881653250465,-1.734810883964672,0.6836688232813153,-0.06962230214825667,0.322567680002009,0.5262103183246388,-1.10806654128039,-0.8749111413868138,-0.238912587590733,-0.34998568069145247,3.1763183940729123,-0.6127150785882117,1.018096348708509,0.44728016282458144,0.7715931890802858,0.8082805361066412,-1.124874449370407,-0.8056394167775377,-0.12882538549022424,0.1476601737388654,3.1392355962428504,-1.3277102158807004
-0.3634514953102973,-1.414982779493954,-0.3709270487131709,-0.41226430196970754,-0.6263195365273021,-0.4327527964171721,-0.573832331371266,-0.6030254582825904,-0.8877761237453023,-0.21281944820556306,-0.2909568632519499,-1.1308433759815129,-0.23958194082328352,-0.37502403911149573,-0.23959316833658567,0.12616953848540016,-0.042247631053405274,-0.23326262631720118,-0.5573424165243356,0.1401703308804403,-0.3801321621027649,-1.4450144150652513,-0.4004311285383958,-0.4187898297081039,-0.5445813196950274,-0.11058364901512248,-0.3761773483087688,-0.4110285309743741,-0.5521279839969557,-0.006513462983470771
-0.35115860836886775,-0.38343730632313006,-0.33702636120751805,-0.3988014591355467,-1.193192947974206,-0.24586585506794684,-0.1383656799857666,-0.16235839626090448,-0.9957586237053123,-0.7451751970361036,-0.1283017955306464,0.027965643696489094,-0.060539232706820406,-0.206706187878621,-0.6168692530202707,0.4947260874673297,0.28506236753354186,0.211329418760056,-0.40039901358116775,0.04190215494577698,-0.47859895863877,-0.6735277367654594,-0.44206385456790787,-0.4719081046530585,-1.688995475431883,-0.3841841301621567,-0.3081555585336691,-0.42971105526690756,-1.4693952066967526,-0.7466797111051684
-0.643114673227813,-0.38343730632313006,-0.6720186811646965,-0.6411326301504431,-0.9452803093680932,-0.8878333526487594,-0.7517761637528781,-0.6799627694368652,0.20804628325628907,-0.7929507129567934,-0.8106702480833878,-0.023698562927199737,-0.8578909204056032,-0.7278981984679863,0.14752795863148271,-0.5329696774653565,-0.4432488722199422,-0.5313510070166193,-0.4879688833393121,-0.648393985542951,-0.6273932289598445,0.10292559396973901,-0.6429732976042645,-0.6117734904793423,0.28780636631473766,-0.4214932866822067,-0.6096157632187704,-0.29259757263301,0.30303260383254155,-0.7750527506165003
0.20202130399544865,1.0869563632577746,0.15007299084739467,0.10252916449844542,-0.7109726326367071,-0.6916711354353171,-0.007908324867282514,0.17869207258714956,-0.7837929756356615,-1.2010901203935411,0.09697982232934091,0.7206487102807639,0.07624494802811722,-0.13051035169898945,0.39963136284229545,-0.40717181448421835,0.016333419830054062,0.48231885575952704,-0.547106977201955,-0.3197247324937845,-0.030027996641413077,1.0896338778038077,-0.07998529788700161,-0.1524341632575035,0.016685805728700518,-0.5437844108312601,0.09069948151123429,0.43033488912154555,-0.6906735540922377,-0.8805264409738415
-0.36652471704565454,-0.5751181277436258,-0.3611136918036398,-0.44528032130110223,1.2300019281574905,0.20309696601915675,-0.5962709964516453,-0.47470091318572155,1.1878874865971276,0.4464826714999515,-0.04349500888451214,-0.47336850946671527,-0.15673298582529283,-0.26760040121890033,0.11728961447230565,-0.5012602987800283,-0.31190643670742435,-0.4437028609871028,-0.4731843598736512,-0.09053310985232338,-0.32324023521529527,-0.5609502815629147,-0.35028261763921137,-0.40866296434090016,0.79199547898351,-0.2688021090723721,-0.554476888173803,-0.4704876952445242,0.25525826931692713,0.180995319874025
-0.028470326156349982,0.15629553293984377,-0.08589363665905991,-0.12858297082131695,-0.7094609702061816,-0.75205910170022,-0.9273717637423576,-0.6762307356868444,-1.0717463088623576,-0.8502813320616205,-0.2239812471314133,0.8182366561255097,-0.24792243964858465,-0.23606032148880698,-0.47095166201959093,-0.7434991589007323,-0.6363803685452517,-0.7485659776115079,-0.23549471338725905,-0.4845129044457585,-0.06503841318754791,0.4770800774370203,-0.12098722503727835,-0.16982180002006067,-0.9060754004764119,-0.8477849454390758,-1.0428424197636672,-0.8205819548133033,-0.6333443526735002,-0.8342660504662354
-0.7721899861128202,-0.42126904739296517,-0.7558782765734182,-0.7523613554707725,0.9805776271208533,-0.12923419473279157,-0.8374866460657222,-0.8002490879952276,-0.7118046423289879,0.3632167723238927,-0.4744874476861481,1.2583391569939715,-0.46699954212649286,-0.49368968562075816,-0.17981969732425906,-0.4108105956448298,-0.5022948520786671,-0.39839681448875375,0.0692939242125161,-0.1216765625331551,-0.6886614579155813,0.27013622596175424,-0.6962758028996243,-0.6400522843349296,0.497092413082908,-0.39800233628069376,-0.8905663676535007,-0.7374041075282849,-0.5202784276532129,-0.10335188044605959
-1.0549263857656932,0.30510038114785987,-0.979801238781812,-0.9568683489992169,1.2073269916996139,0.5701610746881736,-0.2576037025640609,-0.45374410828175865,0.3960158202237157,2.0285347558450706,-0.26007849478079337,1.166491678551858,-0.40917208360440543,-0.5395945541388149,1.654171036795127,0.6350790750909137,0.29575573396464955,0.4371539495929487,0.07498027939161656,0.8658430147056472,-1.0431419254452,-0.3937396495708995,-1.012936840275608,-0.8857720741882092,-0.04039220702625516,-0.22043838765749227,-0.6204374115920817,-0.7806175985005795,-0.8403664689078294,0.4702769618482558
-0.5877966819913815,-0.2648978509709819,-0.6474852888908686,-0.5985002945089336,-1.4660480166839822,-1.2331893688696083,-1.0822768272100454,-1.1739692061319251,-1.763634178976501,-0.30837048004694295,-0.6954199995642822,-0.6518970456885738,-0.7288912052409466,-0.6314042911749284,-0.8601824409057414,-0.9547044139802215,-0.7439649334217,-1.1844073221189906,-0.8587192410166506,-0.6571625304725056,-0.6252050779257111,-0.4765171901610059,-0.6937526073826842,-0.6010734063177685,-1.405508012082271,-1.1255308884216713,-1.247928115935593,-1.3232230866489425,-1.177971766151505,-0.7565485944134573
-0.8029222034663933,-1.2157356098594916,-0.8392918103044331,-0.7568489697488261,-0.18415827559871795,-1.2371362947692754,-1.0830465256052446,-1.2388204695265173,0.5239950794355795,-0.648259150454134,-0.6780237356368702,0.05666798070964988,-0.6738439129939595,-0.6276569549693727,0.43971474928585547,-0.8449691706937825,-0.7369212594464268,-1.2716320471531954,0.1557265229348405,-0.69586507360985,-0.8155742178953214,-1.0162267548085,-0.8631221064572889,-0.7260351034904318,-0.2354087506056856,-1.1284327117065638,-1.2622384576178243,-1.5969626817178024,-0.24318728746264973,-1.158088784019478
-0.7199452166117459,-0.15644685990412277,-0.7460649196638871,-0.7052414055512094,-0.842487264092388,-0.8457985918173075,-0.6631956196274276,-0.8243637676107466,-1.227721031026817,-0.5963885903116704,-0.9211365240224548,-0.9276308299283361,-0.8195246258092184,-0.7588137221638206,-0.16399730793864323,-0.4284846755677996,-0.28796259448124856,-0.6839237056605924,-0.11039489944705312,-0.3508681851746162,-0.6908496089497147,-0.18348469647202928,-0.6956450040203889,-0.6551470459200065,0.15938083761608904,-0.38694777138586417,-0.3292835386910864,-0.43101070913073614,0.4766126859059409,-0.24706749362302236
0.10060498672865724,0.9003197739799241,0.14115175729327525,-0.009340648575891964,0.5724287708790827,0.27611509516299354,0.8061455710720576,0.42787709528084555,0.4120132276251981,-0.42849177721896214,-0.8293712318053559,1.1492702763439615,-0.4903529388373359,-0.5823766424855753,-0.37355606513479983,0.030001750669240827,0.3083088162968194,0.05889786044785363,-0.8757783065539514,-0.05213293033323955,-0.13943554834808555,1.5134548856251528,-0.013751415567323835,-0.2095649697630485,0.3401278780067809,0.25214426159647585,0.8940780440822991,0.435208591110902,-0.3387359564938786,0.05393344727980083
-0.7537506557006762,-1.1072846187926324,-0.7411582412091215,-0.7302438279575082,0.6328952681000855,-0.37749583382183605,-0.4099778933424501,-0.7692444999181318,-0.1758914943793048,0.3795969492109875,-0.8263268856180587,-0.1614697805903705,-0.6727318464839194,-0.7135334096800231,-0.780015668018621,-0.21379658709172517,0.19463368184439242,-0.6075667861727205,-0.4299680605124892,-0.09506856412623087,-0.7718111972126521,-0.5344614685740806,-0.7158305681559098,-0.7076921020705912,0.20694584824521722,-0.2473838895886395,0.04998947096401538,-0.5702361292933549,0.048236153082597856,0.5652649636905402
2.2180547623898477,1.023903461474717,2.0783976235702766,2.4723100471877695,-0.14712254605085326,0.015617985784981664,0.3286716513384062,1.1435663367271405,-0.21588501288301254,-1.3894621545951167,1.2973220333207787,-0.2360958568245878,0.8485751392509966,1.7737609967575416,-0.8605340495587548,-0.6582477145664073,-0.37281213246721145,-0.27701612916607404,-1.2942940477357325,-0.5870141710360689,2.897718087029143,1.731987592783034,2.626141894031269,3.3954080280299745,0.44001440032795236,0.16025319090820442,0.33805144432977885,1.4863036534821323,-0.14126870716267206,-0.4549308483038663
0.15592297796508883,0.31266672936182616,0.17326819808810462,0.03200951155760255,0.18846651352571347,0.3787351685543315,0.43695125608674773,0.3822314517228989,0.5079976720340972,0.23217535722714397,-0.8011023029233111,-1.1471080336223036,-0.7400118703413481,-0.5548961769781671,-1.1010343682201162,-0.4825465670968837,-0.30655975349187053,-0.7113049300240807,-0.7950320630107275,-0.5903401708369345,0.5257623660284829,0.8264012987272693,0.4151918223124956,0.39365227484566384,1.1582460608278073,1.166218596337704,1.2718051039697849,1.2085026400888086,2.933805957825708,1.1512299101202166
-0.05305610003920853,0.8347447561255438,0.001088390493602551,-0.14044309427045884,1.7968753396043935,0.49911640849417044,0.7043888340796401,0.5389768692237722,0.04407285739108779,0.7931964156100985,0.9815798430382483,1.6486909403729553,1.1838631920280998,0.39068165889037615,2.329259650581404,0.42766854893606193,0.3129581060494748,1.1654380615290272,0.5321632357912794,0.11416705971003704,0.1012610654065942,1.4704105645182968,0.21649017535346132,-0.05938164563810457,2.038198757466702,0.520908370602022,0.6750684936700461,0.9404490306741984,0.26959056967161166,0.659636160326056
1.6064836370537423,1.4677958900274433,1.8642880182714145,1.5715817528070037,0.08869679311105835,2.849510781745777,1.5914988488853308,1.8750449517312162,2.2957079491498313,2.053105021175711,2.4446056393336097,4.43473111978374,4.6112521759718215,2.4673304728024674,-1.4192401991975019,3.000286829488345,1.2951205662979495,4.0305867964713515,2.573564745088282,2.6945381779451685,1.1012460880055808,0.7966013841148311,1.4812419282196925,0.9439423174408781,-1.2913519865723604,1.060509319530895,0.5874646735051448,1.0931583596740369,0.4224684401215777,1.2129104307970249
0.28499829085009604,0.31014461329050436,0.24597625155417718,0.15445727257306585,-0.026945382824110197,-0.3544063173087852,-0.2122045429828285,0.08682662643279153,-1.34370223468757,-0.7479052265172856,-0.700638878742506,0.7378701124886601,-0.6566068820883373,-0.4793248968327948,-0.6189789049383528,-0.6000272159966243,-0.2709926868840559,-0.07236264809876519,-0.2980446203573624,-0.6399278042316568,0.018111326109523342,0.5548909655917201,-0.02636739315202413,-0.10390163866750897,-0.4399382963109429,-0.6771300998751427,-0.41173419296393454,-0.12526713766510156,-0.8626611583484497,-1.0267092749778772
-0.2896941736617217,1.5510257203810789,-0.3566530750265804,-0.3606567377720907,-0.947547803013881,-1.0001233944942811,-0.9451139640384714,-0.8286699603992321,-0.6238189016208318,-1.1560446339540342,-0.5710367124832855,-0.03517949773246397,-0.6226888535321129,-0.4996229679462212,-0.3943009756626073,-0.8462167528059922,-0.6394256533332411,-0.8477876308462101,-1.144174271007485,-0.7300321624732868,-0.3473098965907631,1.1177782416044435,-0.43134027362091226,-0.4002557553568067,-0.4304252941851167,-0.8809486401235649,-1.0578381325095416,-0.8155457960909682,-0.96298726083124,-1.2166852786624462
-0.10222764780492562,1.440052613242898,-0.12693131100800867,-0.19269174622208318,-0.2756138526454852,-0.44972457778573954,-0.41297841251017525,-0.4488637564548084,-0.2478798276859785,-0.22646959561147473,-0.7062926645189148,-0.46954153119829384,-0.5698656943052062,-0.542092778275852,-1.085563587487514,-0.7024329143738318,-0.3539825089689566,-0.7710072903630266,-1.0213489991389186,-0.7448479797680514,0.21066861711326668,1.7402653468420441,0.26695408569226386,0.020486839710784292,0.772969474731859,0.35647171779143083,0.668369378010377,0.38159786922797995,0.8906569183745986,-0.22424570097260363
-0.45564814737101644,-1.5511770473453583,-0.5252643891994347,-0.49817006100673433,-1.7011115246306316,-1.2033900783271236,-1.0088684734848745,-1.004649705688674,-0.8397839015408528,-0.38617632026063653,-0.2861728906719116,0.45084674235705474,-0.37191785551806056,-0.3931361641050147,1.1302741438047348,-0.7913231398687682,-0.6223395134922322,-0.6277498536159104,0.7368720222388897,0.2698843231141959,-0.5989472655161099,-1.4516366183124596,-0.6779826354018085,-0.5808196755833613,-1.7341822355295555,-1.188610999352793,-1.2015083975799794,-1.3420680676744545,-1.0043916840781055,-0.7620998412743705
0.8596907553619137,0.6581966311329824,0.8695704769871143,0.7590030246022915,-0.009561264873071225,0.6352853520326764,0.656119612685801,0.3931404734537289,0.2920326721140749,-0.8734865826516701,0.29616704429821,-0.6327621543464668,0.1285120740000039,0.24984427316490934,-0.49204818120041216,-0.013663623258096393,0.08746755304568306,-0.055425808286298214,0.6458903393732853,-0.3820116378554481,0.8933717397629031,0.6442907094290349,0.9072149481158173,0.7471371980405063,1.2105675725198493,1.0135274187278691,1.4995750363985283,1.1678884568441708,3.1089785177162947,0.22787251558839983
-0.06534898698063753,0.9154524704078577,0.1335687087722738,-0.17442074523286502,1.2753518010732432,2.523889395023262,1.6736869826099758,0.969309068553093,0.9839205422282186,1.8920332817859575,-0.7884900115759372,-0.1557293131877382,-0.398051418504004,-0.5614540153378895,-0.26244773078247524,1.7729779266021173,0.5072984177104749,0.555711828280217,-0.2957700782857224,1.2592180820625611,-0.1963274752355552,1.139300402157871,0.1281783322605575,-0.26803328678878985,1.6291396660561888,3.701168508783331,2.2900706842394607,1.8095925521094505,1.091309123340179,3.7294756744107946
0.55544180356154,0.06045512222959548,0.7357519736753252,0.40351986500504283,2.1218827621672847,2.664005264461435,2.69908179384126,2.231023555579353,2.207722208441674,1.7841971172792586,0.5523270306293536,0.14086150261492092,0.38929167060441744,0.43814791749408094,0.7572173629572142,2.0968294498965343,1.542230316651589,1.480181001377371,3.7779347720217227,1.0285146413297974,0.31351171571753855,-0.158651434294997,0.46250173825512264,0.14774141206092742,1.1487330587019813,1.8502197992052896,2.253483206405884,1.6909991370351076,2.1248272266946375,1.3794478366244063
-0.5416983559610216,-0.28759689561288265,-0.5716548036808548,-0.582152556781738,0.6253369559474599,-0.6085883452473301,-0.777606720066338,-0.4902032072242695,0.30803007951555844,0.4628628483870463,-0.11873385037056983,0.4986839707123222,-0.20399581250199889,-0.3981326123790889,-0.6126499491841063,-0.6998337849733951,-0.508571393244752,0.4018688666503092,-0.0012168800083273367,-0.15735546948789444,-0.6777207027449139,-0.6967054481306887,-0.7126765737597349,-0.6549559729885499,-0.8014323770923266,-0.9895597402152663,-1.031144733188707,-0.8218816086771318,-1.0887930083890245,-0.5474516293190776
-0.6308217862863835,0.552267756137446,-0.6341034385596899,-0.6376066475034009,0.11363922321472188,-0.39880923368003723,-0.7691269919836365,-0.7089578008793344,0.7839529497096799,-0.008067237116894443,-0.5162384811119373,-0.0906706826245742,-0.4708917749116334,-0.551461118789741,0.95622786056296,0.27431991431029434,-0.3925716139159973,-0.43283505544077006,0.041999419352834653,-0.5008405398318256,-0.6295813799939779,0.3446360124928499,-0.6196337390725681,-0.6020287709750519,0.5589269269007762,-0.12509276543958636,-0.6879438847779762,-0.4350721274551999,0.2616281805856759,-0.5628717594882797
-0.16676530424742894,0.38833021150149555,-0.08767788336988405,-0.2436582226656923,1.0863939972576084,0.8977559243605218,0.7826632471507302,1.0115097578802512,1.1718900791956453,1.404723019394924,-0.012181733815170345,-0.61190512278357,0.17577490067670995,-0.10990000256843323,-0.6193305135913663,-0.13530287919853565,0.030978682550918856,0.14075925287477703,-0.586911463455657,0.02315561061362568,0.10563736747486101,0.7502459613843713,0.27010808008843884,0.012270703658147282,1.2628890842118927,1.028036535152333,1.343434109869322,1.5545354813331242,1.0737918673511206,1.7433629086175741
-0.3634514953102973,-0.035385288480651936,-0.38966163917682145,-0.4363050927449949,0.04032359533425581,-0.4319634112372388,-0.7517761637528781,-0.8232154495338172,-0.2558785313867203,-0.15412381436014452,-0.7484786045428894,0.06623542638070319,-0.6905249106445617,-0.6223482286781689,-0.5511184349067113,-0.45707509897260384,-0.4160505271669076,-0.3310728762341977,-0.35490817214836534,-0.5428690827700355,-0.47641080760463655,0.14265881345298984,-0.5335296920569871,-0.4934993459076623,-0.049905209152081326,-0.36552955190213154,-0.6410500751602938,-0.4271117475392508,-0.26548197690326997,-0.6325707478530732
1.7171196195266056,3.402258916731652,1.66802088008079,1.8921256298108349,-0.9090004110354918,0.22875198436699143,0.3912911817952785,0.5708426958585651,-1.579663993859445,-1.3416866386744277,1.5039026674587979,0.13512103521228858,1.081553073104407,2.2705953220107955,-0.5753794319646558,0.061711129354569176,-0.1522033337037079,-0.22055999645785102,-1.0111135598165382,-0.5056783577239936,2.619822905694194,3.3577384899727227,2.3801303311296076,3.131727382619768,0.4733099077683433,1.194545918880705,0.7709173792622321,0.8624697988444935,-0.3148487892360714,-0.4290250296196067
1.9230254757955452,1.979785452505871,1.922276036373189,1.9273854562812562,0.21340894362937698,1.2924485143272062,1.0383596631829588,2.2970518450027977,0.20804628325628907,-0.3766212170764995,2.534196398559782,1.2277233308466002,2.4193690846826987,2.073860171219123,0.4442856617750337,1.1169576659318845,0.6009816062264832,1.8372660407568824,1.6933169633635579,0.10811978734482697,1.808018872030685,1.4372995482822548,1.7430234631022294,1.5916795550789948,-0.14503523041034033,0.7240360005445174,0.6204449352142841,1.7186167816414615,0.5737538327543568,-0.3895494963864494
1.2008183679865767,-1.4502924044924659,1.0702982319547982,1.1519898178089887,-1.3488941783182882,-0.7743592330333374,-0.5225625908097018,-0.13508584193382947,-2.411529178736566,-1.4372376705158068,0.3914115893007914,-0.3910884766956547,0.21469722852811488,0.42971641103158087,-0.9867615559906684,-0.8826045644121064,-0.503457174516831,-0.6923921255668258,-1.0452316908911399,-0.7920167042166898,0.8517968701143673,-1.1105931510812208,0.7053593067606081,0.7108333410637387,-1.532982240568338,-0.9468614833089868,-0.7477206091257911,-0.42240050228287285,-1.795853159220118,-1.4757434655050399
0.8443246466851281,0.30762249721918167,0.7357519736753252,0.7208583032388357,-1.6066326227228143,-0.5977342990232462,-0.626406645484015,-0.6722116224175912,0.09206507959553618,-1.325306461787334,-0.6354028890147104,-1.3059276317617923,-0.5570769294397445,-0.444662036931405,-1.5851994834199616,-0.5610402749900733,-0.4406917628559817,-0.9944324355558197,-0.2957700782857224,-0.6737925294768332,0.7117552039298264,0.2370252097257112,0.7116672955529585,0.47008144742833247,-1.4245340163339226,0.38134448880479754,-0.011333203151415448,-0.3580676360233662,2.8127776437194854,-0.3951007432473617
-0.20364396507171703,0.32779942578976057,-0.14655802482707161,-0.2805207685211329,0.5951037073369585,0.8326316470160189,0.18216804154034863,0.43333160614626065,0.603982116442995,0.6635200152539422,-0.10003286664860166,-0.8141609242696414,-0.19454324716665775,-0.18297305857676857,-0.739580672922047,-0.19664233304884268,-0.2635538232798071,-0.39275120121793144,-0.570989668954176,-0.1848705587496002,0.31788801778580533,0.4754245266252179,0.26380009129608845,0.13226450461293718,1.0536030374437222,0.9368363747699884,0.6003475882352772,0.6464023439830195,1.3190334511979416,1.2375826390677478
-1.428322826611607,-1.2813106277138715,-1.3669827750305887,-1.201763871030144,3.0893467177033336,0.4162309646011665,-0.6677616270565745,-0.6394845572251012,1.4958375790756775,1.9111434881542335,-0.17222736194736207,-0.2303553894219559,-0.2162285441124406,-0.5483383386184447,2.912930014584122,0.007649237825484889,-0.26076424942821386,0.4879644690303496,2.019713750643914,-0.00829020568546659,-1.1722428364590733,-1.2066150981657446,-1.16369777241278,-0.9771049354244982,2.5756833775758654,-0.18727469297300328,-0.7726619320433278,-0.5976913171667302,1.2266697378010867,0.4431375327504596
-0.059202543509923024,1.2080179346812454,-0.09213850014694344,-0.13691711162341663,-1.1939487791894683,-0.6579249189931655,-0.4896873373198439,-0.6615896802059936,-0.19988760548152898,-1.1833449287658566,0.17961207598454842,-0.37004009621933714,0.02898212135141115,0.08558603615471995,-0.9930905117449147,0.07366712459657804,0.01214905905266396,-0.3207696320149469,0.42867157153165414,-0.2544141909495159,-0.200703777303822,0.20060309186606456,-0.2124530625263576,-0.2521742334778862,-1.7679533930762377,-0.6398209433550928,-0.5874571498829424,-0.785491300489936,-0.3944726800954288,-1.1981811224594032
-0.6369682297570985,0.6455860507763708,-0.6144767247406276,-0.6433764372894699,-2.2747874170148976,0.09850342967798534,0.042578671563570765,-0.6495323403982342,-1.8956127900387365,0.43146750935344924,-0.597566014972589,0.5809640034833827,-0.45699094353613157,-0.5292893795735368,-0.11301405325165871,1.8389958133732105,0.7774221523397593,0.44985657945229884,0.15117743879156004,1.5107846124552997,-0.6864733068814479,0.5052244412376562,-0.6694668505321353,-0.6320272212137493,-1.7256205336163124,0.7122905253437606,0.3705163894497127,-0.3559556984946452,-0.9645797386484269,1.041438583315498
1.72326606299732,2.4690759703423986,1.9178154195961297,1.8408386094902218,-0.2741021902149597,2.069992916561575,1.224913681002391,1.9496856267316318,0.2800346165629628,-0.08723809207117955,1.953596089982402,-0.09832463916141702,2.436050082333302,2.1612980160154223,-0.28811516245247437,1.1642618210198332,0.1265215869679893,0.4018688666503092,-0.3242018541812238,0.40020304258447265,1.9961998609661615,1.8445650479855786,2.3296664207908053,2.078915530293507,-0.13076572722160176,2.0457474157825892,0.9028384260987891,1.3758330750567171,-0.14763861843142084,1.1018854935787705
0.46631837323617814,1.2534160239650467,0.5885516200323572,0.3160113865829967,1.6683840330097626,1.6891145672437244,1.5458387745938618,1.1114134305731154,-0.06390964256892334,1.074389452171872,-0.2622530277717199,1.3597540811071391,0.0890337128935787,-0.14581197453834152,0.8307035714370743,1.255231350035119,0.6277150223042522,1.1386213984926212,-0.1320030491276341,0.6263710290433289,0.2588079398642023,1.8544983528563905,0.4088838335201452,0.13646810910498383,2.014416252152137,1.795637885037068,1.7582639641795892,1.736487022269102,0.16289455592007307,1.4843047217749805
-0.8797527468503261,-1.0770192259367644,-0.9097695553819759,-0.8334589563527418,0.33056278199507005,-0.8679013768554418,-0.7941748041663855,-0.5929776751094575,-1.0277534385082794,0.5092733495671438,-0.8093655282888318,1.061249776170269,-0.778378164937733,-0.5655136295605748,2.7371256880772794,-0.2101578059311137,-0.43371782822699845,0.4921986789834662,0.9791107528685619,0.258999232856818,-1.0015670557966645,-1.3754812809695616,-1.0321762060922766,-0.8435449563362848,-0.4399382963109429,-1.0668035124178885,-1.0848407217838993,-1.0779134198513294,-1.6063482989748472,-0.5863103573454671
-0.22822973895457557,-0.7970643420199885,-0.29152807008150994,-0.30584373480443583,-0.8402197704466002,-0.9649957539872461,-1.0833857147285526,-1.2408874420649902,-0.7637962163838077,-0.5486130743909814,-0.8832996499803335,-1.2952120926102122,-0.8745719180562054,-0.6773091596929851,-1.2458971332617548,-0.9040733732597139,-0.7452667345524436,-1.4052919413399136,-0.9974663073866975,-0.40620072731628826,-0.3319928393518289,-0.7745163362853892,-0.40169272629686603,-0.3842056291144463,-0.8585103898472823,-0.7061483327240707,-1.2300569366219534,-1.3713102796105938,-0.4135824139016742,0.07490482430991516
-1.506075336516147,-0.020252592052718413,-1.3620760965758232,-1.2443962066716534,0.2610263101909173,1.8904077881267332,1.4740872292786955,0.07448220710579968,2.02775137517499,3.340313921553145,0.3126934950292514,1.2640796243966037,0.5516533810702785,-0.40562728479020027,0.9386474279122758,2.1129440521792424,1.6159215592311789,1.8245634108975324,1.444254606518965,1.1939075405182926,-1.2838385391998792,-0.2861288468037614,-1.1390966161226137,-1.0334714502042164,-0.41615579099637817,0.953418222112233,1.087321765034287,0.08267748054744485,0.35717684961690477,1.4102880969628104
-0.2804745084556499,-0.14131416347618836,-0.3566530750265804,-0.34911715819995304,-0.4834674368426833,-1.2580550020375094,-0.7682137904978071,-0.49537063857045216,-1.4236892716949854,-0.5909285313493061,-0.9111336722641928,2.088793441241417,-0.8934770487268878,-0.7191544139883566,-0.9927389030919009,-1.0580457989415863,-0.45928892186660375,-0.09917931113517132,0.5116923571465185,-0.6505105308707746,-0.5748776041406416,-0.38380634470008695,-0.6395039037684719,-0.5580819967400175,-1.6095619076812366,-1.3169821341940022,-1.038719887050025,-0.9630565096354932,-1.47098768451394,-1.2919355138881514
-0.3480853866335105,-1.4931683777049451,-0.4155332164837673,-0.39719873975052755,-0.6678902533667423,-1.2564762316776426,-0.9825160877509407,-0.9526883127076154,-1.4276886235453556,-0.22237455138970105,-0.45448174416962417,-0.49843521712487526,-0.5554088296746843,-0.480886286918443,0.4776884838113337,-0.9818913075087897,-0.6278256754003656,-0.6964851951881721,-1.3147649263804935,-0.17459019572874318,-0.5026686200142378,-1.4864031853603046,-0.5688544292941484,-0.5106959097387628,-0.6967893537082421,-1.2599129429244442,-1.145648079310125,-1.1292497474725516,-1.795853159220118,-0.5826095261048584
-0.6308217862863835,-0.40865846703635345,-0.6425786104361031,-0.6318368577173319,1.985833143420028,-0.5783943621148787,-0.3289638758138716,0.7910326871097918,0.7679555423081974,-0.5745483544622132,1.0776942012372004,1.9950324736650928,0.6917737613353364,0.3638257494172273,2.4628709387266046,-0.5386877621463173,-0.4769562229266946,0.9537275638731901,0.519653254397259,-0.2801150985016586,-0.7718111972126521,-1.0162267548085,-0.7972036235772288,-0.6985206013606711,0.24024135568560817,-1.0579598605020248,-0.9191664383543949,-0.324114178830849,-1.0999403531093346,-1.3758210220086105
-0.26510839977886314,-0.8248076188045338,-0.22194244835937943,-0.36129782552609846,0.8520863205262214,0.5050367973436706,-0.5065163361301284,-0.4416867684739992,0.5759866534904006,0.7031054427310848,-0.905479886487784,-0.9618822854307076,-0.7750419654076126,-0.703228235114745,-1.0823991096103909,-0.32607897719059215,-0.3767640287569686,-0.8260520197535441,-0.6176177814227984,-0.4545789062379687,-0.3122994800446279,-0.7678941330381808,-0.2726943554933027,-0.3964342967276732,0.016685805728700518,0.28185340475133075,-0.31382404101492734,-0.5942797257741805,0.43520826265907525,-0.04968982745723681
-0.799848981731036,0.5749668007793468,-0.8085135545427217,-0.75716951362583,-0.6527736290614912,-0.703709259429301,-0.43280793048818483,-0.7893400662643977,-1.34370223468757,0.31817128588438587,-0.6915058401806146,-0.5057064758348759,-0.6560508488333172,-0.6488918601341881,0.6812698939062578,-0.5033396023003777,-0.20357798547055117,-0.8338147380009249,-0.7427175953630049,-0.43885599808842257,-0.6383339841305119,0.6658128699824625,-0.6543276774304949,-0.611200271684972,1.85745171707601,-0.11887457268624478,0.3200153637075933,-0.43263527646052147,-0.1301213624423624,0.3506167517352474
1.1485735984855017,0.44381676507058604,1.1951955017124685,1.0609553567399006,1.1544188066312369,1.2845546625278728,1.3175384031365147,1.6913140594225,0.5919840608918829,-0.1773290649501942,1.817470324750402,0.2862866768149341,1.5363882757108254,1.7712627726205046,0.6545476362772178,1.262508912356342,0.43872139385880626,0.8563407349515053,-0.5038906778407927,0.31433177499848997,0.9940266873330412,-0.003029657985597304,0.8882909817387666,0.8866204380038766,0.5208749183974728,0.7806906456305194,0.5586069445096479,0.6837673925680864,-0.712968243532858,-0.3241681444690325
1.084035942042998,1.4375304971715752,1.1372074836106927,1.1279490270337014,0.6555702045579611,1.1621999596382004,1.714128762696706,1.6597353123069396,-1.1397352903186608,0.09430886842744034,3.0208568819291375,0.30542156815704113,2.5355800349818938,2.6578200632515463,-0.3521079373009652,0.576338750641043,0.3080763518091867,0.47243903253558794,-1.223783243514889,0.3602910449740865,1.5782630134466726,1.1922780281355392,1.5947857264819982,1.570661532618761,0.3211018737551286,1.0100728671982349,1.2321257266009766,1.0184282625039032,-1.1954890221405634,0.6392815885027094
-0.6154556776095972,-0.1867122527599907,-0.6644356326436958,-0.6254259801772553,-1.0291775742622349,-1.0636689014789174,-0.8451836300177127,-0.9472338018422003,0.18005082030369343,-0.2537698904232972,-0.7223842086517711,-1.1815508380380964,-0.6988654094698628,-0.6157903903184465,0.012158627221213636,-0.8770944100831807,-0.46672778547085253,-0.6129301187800017,-0.2559655920320204,-0.39108254640326306,-0.6186406248233108,-0.6288278648468021,-0.6644204594982552,-0.5938126349224149,-0.7824063728406749,-1.02078888604316,-0.8135265375673081,-0.7546245212240112,-0.2001903863985962,-0.5277138627024999
-1.0610728292364078,0.0781099347288517,-1.0346668251396458,-0.9507780153361439,0.27689876571143074,-0.30842463057766645,-0.7117257557315035,-0.989721570688591,1.5758246160830929,0.25265057833601245,-0.16700848276913852,0.5426942207991686,-0.2640474040441667,-0.43904103262307154,0.14752795863148271,-0.15921486968255355,-0.10199100437502852,-0.5262699550728792,0.5560459275435005,-0.14435383390269282,-0.9599921861481291,-0.30102880410998056,-0.9624729299368061,-0.8315073616545144,-0.4256687931222043,-0.6094208898943111,-0.8761890348146728,-1.257103196326672,-0.1348987958939233,-0.4388939129278956
0.4386593776179618,0.9532842114776928,0.4279694160582104,0.30607452639587823,-0.3194520631307122,0.04324646708264956,0.36128599011802703,0.8137119691291489,-0.423851309102293,-0.27151508205098157,-0.3501041606051512,-0.7827797024685857,-0.3902669529337229,-0.24199360381427001,0.9516569480737824,-0.042254046662900425,0.2818078647066831,0.7462512761704703,0.28423814998250685,-0.540147810205691,0.11001366954312781,0.11782555127595815,0.08717640511028076,-0.013524142088503385,-0.2449217527315118,-0.25636572356568876,0.17881861826534085,0.6204092667064514,-0.5648678065344533,-0.8854608826279867
1.7171196195266056,-0.020252592052718413,1.7349301317366848,1.872892997190605,1.4189597319731253,1.2391650146817041,1.76370255764173,1.7142804209610898,-0.12389992032448495,0.349566624917981,3.120885399511757,-0.1710372262614238,2.4799767094798866,2.9919575415802586,-0.3935977583565801,0.3522937963233965,0.539146052516165,0.7039091766393032,-0.3833399480438668,0.2596039600933388,2.188757151969905,0.18404758374804303,2.09311684107767,2.3215781532434803,0.887125500241769,1.2076732146933153,1.8664804479127026,1.4391912009183525,0.0912330541466514,1.0272520635598326
1.9568309148844754,2.037794122146284,1.8865911021567128,2.1004791498633253,0.28521290907931857,0.14586654047398748,0.8792016899384086,1.344809079709031,-0.035914179616327695,-0.988147820861325,0.01869663465598619,-0.4159638354403941,-0.10557792636344619,0.4731230554126005,-0.749777323859444,-0.4924232588185435,-0.27936140843883583,-0.5868191574024486,-1.0679771116075412,-0.6157387147708168,1.8386529865085526,2.3230192325963928,1.8155653342142581,1.9222357264990366,1.0155510289404188,0.3986172464529689,0.6642468452967347,0.9794386465890506,0.382656494691899,-0.16318198550256335
-0.5662841298438801,-0.31786228846875053,-0.5591650767050883,-0.5978592067549259,0.5044039615054545,-0.07555600249732246,-0.4784680047796543,-0.3796775923198076,0.45600609797927727,-0.18415413865315003,-0.4753572608825186,0.7684859386360314,-0.5048098034678578,-0.46745833218186855,0.34126432644202376,-0.4648724871739139,-0.3430566780502162,-0.6816654603522635,-0.23435744235143904,-0.644160894887304,-0.517985677253172,0.11120334802874977,-0.5174443206364937,-0.5320960780619101,0.5874659332782534,-0.4111296320933039,-0.4617199021168489,-0.7594982232133679,0.22022375733881022,-0.729409165315662
-0.028470326156349982,-0.9584797705846163,-0.07206572465017556,-0.14525125242551631,-0.08060939910775056,-0.48406283311284093,-0.5181270407356733,-0.2691519774153457,1.14789396809342,-0.6045786787552178,-0.6327934494255986,-0.6331448521733088,-0.5264951004136404,-0.5552084549952967,-1.0338771154945021,-0.5116568163817753,-0.43278797027646737,-0.2699591125775462,-0.788208436795807,-0.7061454366307072,-0.2072682304062222,-0.5609502815629147,-0.20078328326050943,-0.32096048880228795,-0.5873898292612445,-0.44498423708371987,-0.5374714407300282,-0.15402197940230514,0.0705308425232181,-0.8336492452594675
-0.5386251342256644,-1.4351597080645324,-0.5141128472567857,-0.5670869945625581,0.7840615111525931,-0.12469522994817481,-0.7299897854480913,-0.5071408988589793,0.22804304250814295,0.23900043093010076,-0.8389391769654324,-0.8306169308238533,-0.44698234494577027,-0.6854283881383556,-0.14149435414576708,-0.03601613610185233,-0.5348398803472556,-0.5996629275935693,0.501456917824138,0.0648817899335751,-0.566125000004108,-1.2115817506011513,-0.42124749155315205,-0.559419507260214,0.5636834279636885,0.1498895363193016,-0.7768359964158905,-0.4474188391615698,0.8890644405574116,0.602890081303393
0.2358267430843795,0.6581966311329824,0.2205507359249369,0.07752674209214636,1.3207016739889945,0.692515777577846,0.5843680673706347,0.9974428614378649,0.8159477645126458,0.6307596614797545,0.12698837760412668,-0.1920856067377418,-0.023285004620475756,0.09058248442879427,-1.2364036996303853,0.17139439005299936,-0.1735900665659232,0.05325224717703131,-0.45953710744381066,0.054299063294457404,0.4251074184583448,0.9224232458117925,0.34580394559664235,0.28187460994351093,0.28304986525182524,1.3278916079245877,0.5606682108664691,1.2020043707696668,1.2537418606932687,1.650842127602362
-1.6425263815660116,0.5043475507823219,-1.6033954642147499,-1.317159666751523,2.1218827621672847,-0.23244630700907956,-0.7110734689559112,-1.0686971464294157,0.020076746288862475,0.6293946467391639,-0.15309147162720865,1.5625839293334738,-0.15784505233533308,-0.5870608127425198,1.671751469445811,0.33098093523981525,-0.07409526585909552,-0.43523444108086945,1.291860287719078,-0.26620637206167547,-1.3921520153894853,0.3164916486922134,-1.345998648511703,-1.0778003703021641,1.572061653301233,-0.462947905037818,-0.8239359326692551,-1.3261473078425565,0.09760296541540016,-0.34020507984500326
